<?xml version="1.0" encoding="UTF-8"?>
<project-private xmlns="http://www.netbeans.org/ns/project-private/1">
    <editor-bookmarks xmlns="http://www.netbeans.org/ns/editor-bookmarks/2" lastBookmarkId="0"/>
    <open-files xmlns="http://www.netbeans.org/ns/projectui-open-files/1">
        <file>file:/home/olegabr/work/qc_plugins.git/QJqSelectMenu/source/example/selectmenu.php</file>
        <file>file:/home/olegabr/work/qc_plugins.git/QJqSelectMenu/source/example/selectmenu.tpl.php</file>
        <file>file:/home/olegabr/work/qc_plugins.git/QJqSelectMenu/source/includes/QJqSelectMenuBase.class.php</file>
    </open-files>
</project-private>
